url	first_seen	portal	title	company	status
https://job-boards.greenhouse.io/springhealth66/jobs/4663711005	2026-04-11	Greenhouse — Senior PM Healthcare AI	Senior Product Manager, AI & ML Platform	Spring Health	added
https://job-boards.greenhouse.io/springhealth66/jobs/4661125005	2026-04-11	Greenhouse — Senior PM Healthcare AI	Senior Product Manager, Workplace Care	Spring Health	added
https://job-boards.greenhouse.io/mavenclinic/jobs/8315626002	2026-04-11	Greenhouse — Director Head of Product Health	Senior Director, Product, Healthcare	Maven Clinic	added
https://job-boards.greenhouse.io/natera/jobs/5850674004	2026-04-11	Greenhouse — Senior PM Healthcare AI	Sr. Product Manager - AI & Data	Natera	added
https://job-boards.greenhouse.io/mcghealth/jobs/8488415002	2026-04-11	Greenhouse — Healthcare AI PM	Senior Product Manager	MCG Health	added
https://job-boards.greenhouse.io/healthie/jobs/4597301005	2026-04-11	Greenhouse — Healthcare AI PM	Senior Product Manager, AI Initiatives	Healthie	added
https://boards.greenhouse.io/iterativehealth/jobs/4006111006	2026-04-11	Greenhouse — Healthcare AI PM	Senior Product Manager - Data Foundations	Iterative Health	added
https://job-boards.greenhouse.io/jobsatphamily/jobs/4750261008	2026-04-11	Greenhouse — Healthcare AI PM	Senior Product Manager (AI Health-Tech SaaS, Remote)	Phamily	added
https://job-boards.greenhouse.io/webchartnow/jobs/4181050009	2026-04-11	Greenhouse — Senior PM Healthcare AI	Senior Product Manager – Enterprise Health (Clinical Domain)	WebChart / Enterprise Health	added
https://job-boards.greenhouse.io/omadahealth/jobs/7402427	2026-04-11	Greenhouse API — Omada Health	Director, Product Management	Omada Health	added
https://job-boards.greenhouse.io/coherehealth/jobs/7655330003	2026-04-11	Greenhouse API — Cohere Health	Manager, Product Management	Cohere Health	added
https://job-boards.greenhouse.io/recursionpharmaceuticals/jobs/7488023	2026-04-11	Greenhouse API — Recursion	Staff Product Manager, Agentic Systems	Recursion Pharmaceuticals	added
https://flatiron.com/careers/open-positions/job?gh_jid=7760291	2026-04-11	Greenhouse API — Flatiron Health	Product Manager - Document Intelligence Platform	Flatiron Health	added
https://job-boards.greenhouse.io/1uphealth/jobs/4576352006	2026-04-11	Greenhouse — Director Head of Product Health	VP, Product	1upHealth	added
https://job-boards.greenhouse.io/modernhealth/jobs/7485558002	2026-04-11	Greenhouse — Director Head of Product Health	Vice President of Product Management	Modern Health	added
https://boards.greenhouse.io/samsungresearchamerica/jobs/7584774002	2026-04-11	Greenhouse — Director Head of Product Health	Director, Product Management, Digital Health	Samsung Research America	added
https://job-boards.greenhouse.io/sifthealthcare/jobs/5136453008	2026-04-11	Greenhouse — Director Head of Product Health	Director of Product Management	Sift Healthcare	added
https://job-boards.greenhouse.io/strivehealth/jobs/4604079006	2026-04-11	Greenhouse — Director Head of Product Health	VP, Product Management	Strive Health	added
https://job-boards.greenhouse.io/smarterdx/jobs/4679598007	2026-04-11	Greenhouse — Director Head of Product Health	Director of Product, Core Product	SmarterDx	added
https://job-boards.greenhouse.io/solera/jobs/7411102	2026-04-11	Greenhouse — Director Head of Product Health	VP of Product	Solera Health	added
https://jobs.ashbyhq.com/abridge/c7db83a1-e32c-4df9-b1cf-394d1e91415e	2026-04-11	Ashby — Senior PM Healthcare AI	Senior Product Manager	Abridge	added
https://jobs.ashbyhq.com/abridge/b7b472b3-603d-4c90-adda-beb4d2858955	2026-04-11	Ashby — Healthcare AI PM	Staff Product Manager, Clinical Documentation Improvement	Abridge	added
https://jobs.ashbyhq.com/ambiencehealthcare/04fdff4f-1f26-47bf-8d26-ffeb4149520d/application	2026-04-11	Ashby — Senior PM Healthcare AI	AI-First Product Manager	Ambience Healthcare	added
https://jobs.ashbyhq.com/tandem-health/f713974b-5daf-474e-b890-98e65e4d8f64	2026-04-11	Ashby — Senior PM Healthcare AI	Senior Product Manager	Tandem Health	added
https://jobs.ashbyhq.com/Iodine%20Software/0b86233e-38d6-44ca-9455-f26db690d39b	2026-04-11	Ashby — Senior PM Healthcare AI	Senior Product Manager	Iodine Software	added
https://jobs.ashbyhq.com/Iodine%20Software/485d8498-cf8c-43c0-a5b0-31558959f52e	2026-04-11	Ashby — Healthcare AI PM	Product Manager	Iodine Software	added
https://jobs.ashbyhq.com/anterior/fab8d7b7-1eec-412c-bf75-b47b5c0a4e0b	2026-04-11	Ashby — Senior PM Healthcare AI	Senior Product Manager	Anterior	added
https://jobs.ashbyhq.com/anterior/215b3564-d969-4123-afbc-e531acd21c7f	2026-04-11	Ashby — Healthcare AI PM	Product Manager	Anterior	added
https://jobs.ashbyhq.com/bayesianhealth/6587692e-a32c-4a49-9d96-a45d8c5d8caf	2026-04-11	Ashby — Healthcare AI PM	Lead Product Manager, Clinical AI/ML	Bayesian Health	added
https://jobs.ashbyhq.com/bayesianhealth/8db2cfe0-197f-4170-9cb3-028d4a6f31cb/application	2026-04-11	Ashby — Healthcare AI PM	Product Manager	Bayesian Health	added
https://jobs.ashbyhq.com/Vytalize%20Health/7b65fb1b-5822-4f5e-a674-4000d319d820/application	2026-04-11	Ashby — Healthcare AI PM	Principal Product Manager, Clinical Data Acquisition & EMR Integration	Vytalize Health	added
https://jobs.ashbyhq.com/Hippocratic%20AI/c9eb192e-3029-460d-8503-233f2d2586a5	2026-04-11	Ashby — Healthcare AI PM	Product Manager, App Store	Hippocratic AI	added
https://jobs.ashbyhq.com/Hippocratic%20AI/70992590-8c71-41c2-8c47-d43f8f1578f7/application	2026-04-11	Ashby — Healthcare AI PM	Product Manager, AI Agents	Hippocratic AI	added
https://jobs.ashbyhq.com/Unlearn/a5f2acde-f283-4847-b3ac-1dc742b48140/application	2026-04-11	Ashby — Healthcare AI PM	Senior Product Manager	Unlearn	added
https://jobs.lever.co/circadiahealth/41809a7d-97b7-4158-b3ab-8c05b689474e	2026-04-11	Lever — Senior PM Healthcare AI	Senior Product Manager	Circadia Health	added
https://jobs.lever.co/EnaraHealth/f1e003b0-f3ae-4eb3-b53b-97f69865d707	2026-04-11	Lever — Senior PM Healthcare AI	Senior Product Manager, Clinical Execution & Team Catalyst	Enara Health	added
https://jobs.lever.co/ekohealth/debc7bf9-47f7-4e24-a78a-8b2a6b88f8a4	2026-04-11	Lever — Senior PM Healthcare AI	Director of Product	Eko	added
https://jobs.lever.co/arcadia/03edbcd0-29b0-49d5-bf1c-c843013e1422	2026-04-11	Lever — Senior PM Healthcare AI	Senior Product Manager	Arcadia	added
https://jobs.lever.co/dexcarehealth/a8ebecdd-d36e-470f-9edb-4243c52d8121	2026-04-11	Lever — Senior PM Healthcare AI	Senior Product Manager	DexCare	added
https://jobs.lever.co/caremessage/553950dc-9db0-49e8-bd5e-5fb8d36503fd	2026-04-11	Lever — Senior PM Healthcare AI	Senior Product Manager - Data & Interoperability	CareMessage	added
https://jobs.lever.co/kaiahealth/b54ce003-845d-4a03-ae6b-f8e0d17c0f0c	2026-04-11	Lever — Senior PM Healthcare AI	Director of Product	Kaia Health	added
https://jobs.lever.co/swordhealth/71759e08-614f-4518-b4da-ae45bb1e0632	2026-04-11	Lever — Senior PM Healthcare AI	Senior Product Manager, Consumer Growth	Sword Health	added
https://job-boards.greenhouse.io/coherehealth/jobs/7598931003	2026-04-16	greenhouse-api	Director, Data & AI	Cohere Health	added
https://job-boards.greenhouse.io/coherehealth/jobs/7568249003	2026-04-16	greenhouse-api	Sr Claims Auditor	Cohere Health	added
http://www.onemedical.com/careers/all-departments/7697399?gh_jid=7697399	2026-04-16	greenhouse-api	Early Career - Family Medicine Physician - Sign - On Bonus Available	Amazon Health (One Medical)	added
http://www.onemedical.com/careers/all-departments/7638125?gh_jid=7638125	2026-04-16	greenhouse-api	Early career - Primary Care Physician - Adult Medicine MD or DO - Sign-on Bonus Available	Amazon Health (One Medical)	added
http://www.onemedical.com/careers/all-departments/7671662?gh_jid=7671662	2026-04-16	greenhouse-api	Family Medicine Physician (Cow Hollow) - Sign-On Bonus Available	Amazon Health (One Medical)	added
http://www.onemedical.com/careers/all-departments/7671663?gh_jid=7671663	2026-04-16	greenhouse-api	Family Medicine Physician (Laurel Heights) - Sign-On Bonus Available	Amazon Health (One Medical)	added
http://www.onemedical.com/careers/all-departments/7671664?gh_jid=7671664	2026-04-16	greenhouse-api	Family Medicine Physician (Noe Valley) - Sign-On Bonus Available	Amazon Health (One Medical)	added
http://www.onemedical.com/careers/all-departments/7683368?gh_jid=7683368	2026-04-16	greenhouse-api	Family Medicine Physician - Sign on Bonus available	Amazon Health (One Medical)	added
http://www.onemedical.com/careers/all-departments/7699158?gh_jid=7699158	2026-04-16	greenhouse-api	Family Medicine Physician - Sign-On Bonus Available	Amazon Health (One Medical)	added
http://www.onemedical.com/careers/all-departments/7778328?gh_jid=7778328	2026-04-16	greenhouse-api	Family Medicine Physician- Sign On Bonus Available	Amazon Health (One Medical)	added
http://www.onemedical.com/careers/all-departments/7671678?gh_jid=7671678	2026-04-16	greenhouse-api	Family Medicine Physician (West Portal)- Sign-On Bonus Available	Amazon Health (One Medical)	added
http://www.onemedical.com/careers/all-departments/7815727?gh_jid=7815727	2026-04-16	greenhouse-api	Family Nurse Practitioner or Physician Assistant (Cow Hollow) - Sign-On Bonus Available	Amazon Health (One Medical)	added
http://www.onemedical.com/careers/all-departments/7762327?gh_jid=7762327	2026-04-16	greenhouse-api	Family Nurse Practitioner or Physician Assistant [Signing Bonus available]	Amazon Health (One Medical)	added
http://www.onemedical.com/careers/all-departments/7683378?gh_jid=7683378	2026-04-16	greenhouse-api	Family Nurse Practitioner or Physician Assistant - Sign on Bonus available	Amazon Health (One Medical)	added
http://www.onemedical.com/careers/all-departments/7695391?gh_jid=7695391	2026-04-16	greenhouse-api	Family Nurse Practitioner or Physician Assistant- Sign on Bonus available	Amazon Health (One Medical)	added
http://www.onemedical.com/careers/all-departments/7655320?gh_jid=7655320	2026-04-16	greenhouse-api	 Family Nurse Practitioner or Physician Assistant - Sign-On Bonus Available	Amazon Health (One Medical)	added
http://www.onemedical.com/careers/all-departments/7808861?gh_jid=7808861	2026-04-16	greenhouse-api	Family Nurse Practitioner or Physician Assistant - Sign-On Bonus Available	Amazon Health (One Medical)	added
http://www.onemedical.com/careers/all-departments/7816436?gh_jid=7816436	2026-04-16	greenhouse-api	Family Physician - Domain Northside Office (ages 0+)	Amazon Health (One Medical)	added
http://www.onemedical.com/careers/all-departments/7701829?gh_jid=7701829	2026-04-16	greenhouse-api	Family Physician - Sign-On Bonus Available	Amazon Health (One Medical)	added
http://www.onemedical.com/careers/all-departments/7767671?gh_jid=7767671	2026-04-16	greenhouse-api	Family Physician - Sign-On Bonus Available 	Amazon Health (One Medical)	added
http://www.onemedical.com/careers/all-departments/7444385?gh_jid=7444385	2026-04-16	greenhouse-api	Nurse Practitioner or Physician Assistant (Burlingame) - Sign-On Bonus Available	Amazon Health (One Medical)	added
http://www.onemedical.com/careers/all-departments/7508135?gh_jid=7508135	2026-04-16	greenhouse-api	Nurse Practitioner or Physician Assistant (Castro) - Sign-On Bonus Available	Amazon Health (One Medical)	added
http://www.onemedical.com/careers/all-departments/7707881?gh_jid=7707881	2026-04-16	greenhouse-api	Nurse Practitioner or Physician Assistant (Clay St) - Sign-On Bonus Available	Amazon Health (One Medical)	added
http://www.onemedical.com/careers/all-departments/7508139?gh_jid=7508139	2026-04-16	greenhouse-api	Nurse Practitioner or Physician Assistant (Cow Hollow) - Sign-On Bonus Available	Amazon Health (One Medical)	added
http://www.onemedical.com/careers/all-departments/7508140?gh_jid=7508140	2026-04-16	greenhouse-api	Nurse Practitioner or Physician Assistant (Duboce Triangle) - Sign-On Bonus Available	Amazon Health (One Medical)	added
http://www.onemedical.com/careers/all-departments/7508136?gh_jid=7508136	2026-04-16	greenhouse-api	Nurse Practitioner or Physician Assistant (Financial District Clay) - Sign-On Bonus Available	Amazon Health (One Medical)	added
http://www.onemedical.com/careers/all-departments/7508141?gh_jid=7508141	2026-04-16	greenhouse-api	Nurse Practitioner or Physician Assistant (Hayes Valley) - Sign-On Bonus Available	Amazon Health (One Medical)	added
http://www.onemedical.com/careers/all-departments/7617089?gh_jid=7617089	2026-04-16	greenhouse-api	Nurse Practitioner or Physician Assistant, HIV Medicine (Castro) - Sign-On Bonus Available	Amazon Health (One Medical)	added
http://www.onemedical.com/careers/all-departments/7508142?gh_jid=7508142	2026-04-16	greenhouse-api	Nurse Practitioner or Physician Assistant (Inner Sunset) - Sign-On Bonus Available	Amazon Health (One Medical)	added
http://www.onemedical.com/careers/all-departments/7508143?gh_jid=7508143	2026-04-16	greenhouse-api	Nurse Practitioner or Physician Assistant (Mission Valencia) - Sign-On Bonus Available	Amazon Health (One Medical)	added
http://www.onemedical.com/careers/all-departments/7508146?gh_jid=7508146	2026-04-16	greenhouse-api	Nurse Practitioner or Physician Assistant (Pacific Heights) - Sign-On Bonus Available	Amazon Health (One Medical)	added
http://www.onemedical.com/careers/all-departments/7580638?gh_jid=7580638	2026-04-16	greenhouse-api	Nurse Practitioner or Physician Assistant - Sign-On Bonus Available	Amazon Health (One Medical)	added
http://www.onemedical.com/careers/all-departments/7728131?gh_jid=7728131	2026-04-16	greenhouse-api	Nurse Practitioner or Physician Assistant- Sign On Bonus Available	Amazon Health (One Medical)	added
http://www.onemedical.com/careers/all-departments/7508150?gh_jid=7508150	2026-04-16	greenhouse-api	Nurse Practitioner or Physician Assistant (Transbay Center) - Sign-On Bonus Available	Amazon Health (One Medical)	added
http://www.onemedical.com/careers/all-departments/7671595?gh_jid=7671595	2026-04-16	greenhouse-api	Primary Care Physician (Burlingame) - Sign-On Bonus Available 	Amazon Health (One Medical)	added
http://www.onemedical.com/careers/all-departments/7671599?gh_jid=7671599	2026-04-16	greenhouse-api	Primary Care Physician (Castro) - Sign-On Bonus Available 	Amazon Health (One Medical)	added
http://www.onemedical.com/careers/all-departments/7580595?gh_jid=7580595	2026-04-16	greenhouse-api	Primary Care Physician (Clay) - Sign-On Bonus Available	Amazon Health (One Medical)	added
http://www.onemedical.com/careers/all-departments/7671603?gh_jid=7671603	2026-04-16	greenhouse-api	Primary Care Physician (Cow Hollow) - Sign-On Bonus Available	Amazon Health (One Medical)	added
http://www.onemedical.com/careers/all-departments/7671610?gh_jid=7671610	2026-04-16	greenhouse-api	Primary Care Physician (Duboce Triangle) - Sign-On Bonus Available 	Amazon Health (One Medical)	added
http://www.onemedical.com/careers/all-departments/7671615?gh_jid=7671615	2026-04-16	greenhouse-api	Primary Care Physician (Financial District Sutter) - Sign-On Bonus Available 	Amazon Health (One Medical)	added
http://www.onemedical.com/careers/all-departments/7671619?gh_jid=7671619	2026-04-16	greenhouse-api	Primary Care Physician, HIV Medicine (Castro) - Sign-On Bonus Available 	Amazon Health (One Medical)	added
http://www.onemedical.com/careers/all-departments/7671625?gh_jid=7671625	2026-04-16	greenhouse-api	Primary Care Physician (Inner Sunset) - Sign-On Bonus Available 	Amazon Health (One Medical)	added
http://www.onemedical.com/careers/all-departments/7671642?gh_jid=7671642	2026-04-16	greenhouse-api	Primary Care Physician (Mission Valencia) - Sign-On Bonus Available 	Amazon Health (One Medical)	added
http://www.onemedical.com/careers/all-departments/7671634?gh_jid=7671634	2026-04-16	greenhouse-api	Primary Care Physician (Noe Valley) - Sign-On Bonus Available 	Amazon Health (One Medical)	added
http://www.onemedical.com/careers/all-departments/7671650?gh_jid=7671650	2026-04-16	greenhouse-api	Primary Care Physician (Pacific Heights) - Sign-On Bonus Available 	Amazon Health (One Medical)	added
http://www.onemedical.com/careers/all-departments/7763096?gh_jid=7763096	2026-04-16	greenhouse-api	Primary Care Physician -Senior Health (Part-Time) - Sign-On Bonus Available	Amazon Health (One Medical)	added
http://www.onemedical.com/careers/all-departments/7763059?gh_jid=7763059	2026-04-16	greenhouse-api	Primary Care Physician (Senior Health) - Sign-On Bonus Available	Amazon Health (One Medical)	added
http://www.onemedical.com/careers/all-departments/7370575?gh_jid=7370575	2026-04-16	greenhouse-api	Primary Care Physician - Sign on Bonus Available	Amazon Health (One Medical)	added
http://www.onemedical.com/careers/all-departments/7621912?gh_jid=7621912	2026-04-16	greenhouse-api	Primary Care Physician - Sign on Bonus Available 	Amazon Health (One Medical)	added
http://www.onemedical.com/careers/all-departments/7670244?gh_jid=7670244	2026-04-16	greenhouse-api	Primary Care Physician - Sign-On Bonus Available	Amazon Health (One Medical)	added
http://www.onemedical.com/careers/all-departments/7633627?gh_jid=7633627	2026-04-16	greenhouse-api	Primary Care Physician - Sign-On Bonus Available 	Amazon Health (One Medical)	added
http://www.onemedical.com/careers/all-departments/7671652?gh_jid=7671652	2026-04-16	greenhouse-api	Primary Care Physician (Spear Street) - Sign-On Bonus Available 	Amazon Health (One Medical)	added
http://www.onemedical.com/careers/all-departments/7671653?gh_jid=7671653	2026-04-16	greenhouse-api	Primary Care Physician (Transbay Center) - Sign-On Bonus Available 	Amazon Health (One Medical)	added
http://www.onemedical.com/careers/all-departments/7671654?gh_jid=7671654	2026-04-16	greenhouse-api	Primary Care Physician (Two Embarcadero Center) - Sign-On Bonus Available 	Amazon Health (One Medical)	added
http://www.onemedical.com/careers/all-departments/7778325?gh_jid=7778325	2026-04-16	greenhouse-api	Primary Care Provider - Sign On Bonus Available	Amazon Health (One Medical)	added
http://www.onemedical.com/careers/all-departments/7403246?gh_jid=7403246	2026-04-16	greenhouse-api	Senior Health Primary Care Physician - Sign On Bonus Available	Amazon Health (One Medical)	added
http://www.onemedical.com/careers/all-departments/7762891?gh_jid=7762891	2026-04-16	greenhouse-api	Trainee Phlebotomist/Front Desk 	Amazon Health (One Medical)	added
https://job-boards.greenhouse.io/omadahealth/jobs/7788457	2026-04-16	greenhouse-api	Associate Product Manager, Data Governance	Omada Health	added
https://job-boards.greenhouse.io/omadahealth/jobs/7800365	2026-04-16	greenhouse-api	Senior IT Engineer, AI Enablement	Omada Health	added
https://job-boards.greenhouse.io/omadahealth/jobs/7562427	2026-04-16	greenhouse-api	Senior Member Growth Manager	Omada Health	added
https://job-boards.greenhouse.io/omadahealth/jobs/7759052	2026-04-16	greenhouse-api	Senior Product Manager, Data Enablement	Omada Health	added
https://job-boards.greenhouse.io/anthropic/jobs/5183044008	2026-04-16	greenhouse-api	Anthropic Fellows Program — AI Safety	Anthropic	added
https://job-boards.greenhouse.io/anthropic/jobs/5030244008	2026-04-16	greenhouse-api	Anthropic Fellows Program — AI Security	Anthropic	added
https://job-boards.greenhouse.io/anthropic/jobs/5183051008	2026-04-16	greenhouse-api	Anthropic Fellows Program — ML Systems & Performance	Anthropic	added
https://job-boards.greenhouse.io/anthropic/jobs/5014500008	2026-04-16	greenhouse-api	Applied AI Engineer	Anthropic	added
https://job-boards.greenhouse.io/anthropic/jobs/5116274008	2026-04-16	greenhouse-api	Applied AI Engineer 	Anthropic	added
https://job-boards.greenhouse.io/anthropic/jobs/5068226008	2026-04-16	greenhouse-api	Applied AI Engineer, Beneficial Deployments	Anthropic	added
https://job-boards.greenhouse.io/anthropic/jobs/5057647008	2026-04-16	greenhouse-api	Applied AI Engineer (Digital Natives Business) 	Anthropic	added
https://job-boards.greenhouse.io/anthropic/jobs/5111942008	2026-04-16	greenhouse-api	Applied AI Engineer, Life Sciences (Beneficial Deployments)	Anthropic	added
https://job-boards.greenhouse.io/anthropic/jobs/5073277008	2026-04-16	greenhouse-api	Applied AI Engineer (Startups)	Anthropic	added
https://job-boards.greenhouse.io/anthropic/jobs/5116927008	2026-04-16	greenhouse-api	Claude Evangelist, Applied AI (Startups)	Anthropic	added
https://job-boards.greenhouse.io/anthropic/jobs/5097186008	2026-04-16	greenhouse-api	Design Engineer, AI Capability Development (Education Labs)	Anthropic	added
https://job-boards.greenhouse.io/anthropic/jobs/4741104008	2026-04-16	greenhouse-api	Engineering Manager, GPU (ML Accelerator)	Anthropic	added
https://job-boards.greenhouse.io/anthropic/jobs/5140492008	2026-04-16	greenhouse-api	Engineering Manager, Vertical AI Products (Multiple Roles) 	Anthropic	added
https://job-boards.greenhouse.io/anthropic/jobs/5104754008	2026-04-16	greenhouse-api	Enterprise Account Executive, Retail	Anthropic	added
https://job-boards.greenhouse.io/anthropic/jobs/5149112008	2026-04-16	greenhouse-api	External Affairs, Australia	Anthropic	added
https://job-boards.greenhouse.io/anthropic/jobs/5012991008	2026-04-16	greenhouse-api	Forward Deployed Engineer, Applied AI	Anthropic	added
https://job-boards.greenhouse.io/anthropic/jobs/5079562008	2026-04-16	greenhouse-api	Forward Deployed Engineer, Applied AI (Federal Civilian) 	Anthropic	added
https://job-boards.greenhouse.io/anthropic/jobs/5064817008	2026-04-16	greenhouse-api	Head of Solutions Architects, Applied AI (Korea)	Anthropic	added
https://job-boards.greenhouse.io/anthropic/jobs/5173031008	2026-04-16	greenhouse-api	Manager, Applied AI Solutions Architecture - Partnerships	Anthropic	added
https://job-boards.greenhouse.io/anthropic/jobs/5142110008	2026-04-16	greenhouse-api	Manager, Applied AI (Startups)	Anthropic	added
https://job-boards.greenhouse.io/anthropic/jobs/5183983008	2026-04-16	greenhouse-api	Manager of Forward Deployed Engineering, Applied AI	Anthropic	added
https://job-boards.greenhouse.io/anthropic/jobs/5115884008	2026-04-16	greenhouse-api	Manager of Solutions Architecture, Applied AI (Industries)	Anthropic	added
https://job-boards.greenhouse.io/anthropic/jobs/4778843008	2026-04-16	greenhouse-api	ML Infrastructure Engineer, Safeguards	Anthropic	added
https://job-boards.greenhouse.io/anthropic/jobs/4949336008	2026-04-16	greenhouse-api	ML/Research Engineer, Safeguards	Anthropic	added
https://job-boards.greenhouse.io/anthropic/jobs/5164616008	2026-04-16	greenhouse-api	Partner Manager DACH/CEE (AI Boutiques)	Anthropic	added
https://job-boards.greenhouse.io/anthropic/jobs/4950664008	2026-04-16	greenhouse-api	Partner Solutions Architect, Applied AI	Anthropic	added
https://job-boards.greenhouse.io/anthropic/jobs/5181852008	2026-04-16	greenhouse-api	Product Manager, API Growth	Anthropic	added
https://job-boards.greenhouse.io/anthropic/jobs/4985920008	2026-04-16	greenhouse-api	Product Manager, Claude Code	Anthropic	added
https://job-boards.greenhouse.io/anthropic/jobs/5127559008	2026-04-16	greenhouse-api	Product Manager, Consumer	Anthropic	added
https://job-boards.greenhouse.io/anthropic/jobs/5153773008	2026-04-16	greenhouse-api	Product Manager, Monetization	Anthropic	added
https://job-boards.greenhouse.io/anthropic/jobs/5153924008	2026-04-16	greenhouse-api	Product Manager, Multi-Cloud Growth - Google	Anthropic	added
https://job-boards.greenhouse.io/anthropic/jobs/5125083008	2026-04-16	greenhouse-api	Research Engineer, AI Observability	Anthropic	added
https://job-boards.greenhouse.io/anthropic/jobs/5119713008	2026-04-16	greenhouse-api	Research Engineer, Pretraining	Anthropic	added
https://job-boards.greenhouse.io/anthropic/jobs/4938432008	2026-04-16	greenhouse-api	Research Engineer, Pretraining Scaling	Anthropic	added
https://job-boards.greenhouse.io/anthropic/jobs/4938436008	2026-04-16	greenhouse-api	Research Engineer, Pretraining Scaling - London	Anthropic	added
https://job-boards.greenhouse.io/anthropic/jobs/4613592008	2026-04-16	greenhouse-api	Research Engineer, Production Model Post-Training	Anthropic	added
https://job-boards.greenhouse.io/anthropic/jobs/5135168008	2026-04-16	greenhouse-api	Research Engineer / Research Scientist, Pre-training	Anthropic	added
https://job-boards.greenhouse.io/anthropic/jobs/4616971008	2026-04-16	greenhouse-api	Research Engineer/Research Scientist, Pre-training	Anthropic	added
https://job-boards.greenhouse.io/anthropic/jobs/5139654008	2026-04-16	greenhouse-api	Research Lead, Training Insights	Anthropic	added
https://job-boards.greenhouse.io/anthropic/jobs/5097067008	2026-04-16	greenhouse-api	Research Product Manager, Model Behaviors	Anthropic	added
https://job-boards.greenhouse.io/anthropic/jobs/5101433008	2026-04-16	greenhouse-api	Security Architect, Applied AI 	Anthropic	added
https://job-boards.greenhouse.io/anthropic/jobs/5183006008	2026-04-16	greenhouse-api	Senior Product Manager, Education Labs	Anthropic	added
https://job-boards.greenhouse.io/anthropic/jobs/5076109008	2026-04-16	greenhouse-api	Solutions Architect, Applied AI	Anthropic	added
https://job-boards.greenhouse.io/anthropic/jobs/5062712008	2026-04-16	greenhouse-api	Solutions Architect, Applied AI (Beneficial Deployments)	Anthropic	added
https://job-boards.greenhouse.io/anthropic/jobs/5065835008	2026-04-16	greenhouse-api	Solutions Architect, Applied AI (Digital Native Business)	Anthropic	added
https://job-boards.greenhouse.io/anthropic/jobs/5079540008	2026-04-16	greenhouse-api	Solutions Architect, Applied AI (Federal Civilian)	Anthropic	added
https://job-boards.greenhouse.io/anthropic/jobs/5140405008	2026-04-16	greenhouse-api	Solutions Architect, Applied AI (Government Technology)	Anthropic	added
https://job-boards.greenhouse.io/anthropic/jobs/4977626008	2026-04-16	greenhouse-api	 Solutions Architect, Applied AI (Industries)	Anthropic	added
https://job-boards.greenhouse.io/anthropic/jobs/5031670008	2026-04-16	greenhouse-api	Solutions Architect, Applied AI (Industries)	Anthropic	added
https://job-boards.greenhouse.io/anthropic/jobs/5079511008	2026-04-16	greenhouse-api	Solutions Architect, Applied AI (National Security)	Anthropic	added
https://job-boards.greenhouse.io/anthropic/jobs/5057258008	2026-04-16	greenhouse-api	Solutions Architect, Applied AI (Startups)	Anthropic	added
https://job-boards.greenhouse.io/anthropic/jobs/5140403008	2026-04-16	greenhouse-api	Solutions Architect, Applied AI (State and Local Government, West)	Anthropic	added
https://job-boards.greenhouse.io/anthropic/jobs/5041299008	2026-04-16	greenhouse-api	Strategic Account Executive, Retail & Commercial Banking	Anthropic	added
https://job-boards.greenhouse.io/anthropic/jobs/5122119008	2026-04-16	greenhouse-api	Support Operations Specialist, AI Agent Management	Anthropic	added
https://job-boards.greenhouse.io/anthropic/jobs/5017903008	2026-04-16	greenhouse-api	Technical Deployment, Applied AI	Anthropic	added
https://job-boards.greenhouse.io/anthropic/jobs/5153761008	2026-04-16	greenhouse-api	Technical Deployment Lead, Applied AI	Anthropic	added
https://job-boards.greenhouse.io/anthropic/jobs/5149802008	2026-04-16	greenhouse-api	Transformative AI Research Economist, Economic Research 	Anthropic	added
https://job-boards.greenhouse.io/recursionpharmaceuticals/jobs/7488337	2026-04-16	greenhouse-api	Staff Product Manager, Agentic Systems	Recursion Pharmaceuticals	added
https://jobs.ashbyhq.com/abridge/7745d77e-66a0-4175-89f4-1f18c4d3d405	2026-04-16	ashby-api	Director, Product Management - AI/ML, Core Product	Abridge	added
https://jobs.ashbyhq.com/abridge/c45524b6-96b2-49f0-9cd5-176b998d6ba7	2026-04-16	ashby-api	Product Manager - Core Product Experiences	Abridge	added
https://jobs.ashbyhq.com/abridge/a7365ce0-34cb-4345-a597-06cfa9a47454	2026-04-16	ashby-api	Staff Product Manager, Data Platform	Abridge	added
https://jobs.ashbyhq.com/abridge/65f6069e-1884-417a-aece-a58295301948	2026-04-16	ashby-api	Head of Federal Government Affairs (Washington, DC.)	Abridge	added
https://jobs.ashbyhq.com/abridge/f0f97277-44ba-401b-9839-69762b8c8249	2026-04-16	ashby-api	Product Lead, Life Sciences (New Products)	Abridge	added
https://jobs.ashbyhq.com/abridge/991c2527-c2f9-41bb-a68f-282581b78794	2026-04-16	ashby-api	Product Manager, Payer Products	Abridge	added
https://job-boards.greenhouse.io/komodohealth/jobs/8447511002	2026-04-16	greenhouse-api	Applied AI Engineer	Komodo Health	added
https://job-boards.greenhouse.io/komodohealth/jobs/8465754002	2026-04-16	greenhouse-api	Senior AI Engagement Manager	Komodo Health	added
https://job-boards.greenhouse.io/komodohealth/jobs/8447510002	2026-04-16	greenhouse-api	Senior Applied AI Engineer	Komodo Health	added
https://job-boards.greenhouse.io/komodohealth/jobs/8452167002	2026-04-16	greenhouse-api	Staff Applied AI Engineer	Komodo Health	added
https://job-boards.greenhouse.io/komodohealth/jobs/8423889002	2026-04-16	greenhouse-api	Vice President, AI Engineering	Komodo Health	added
https://www.pathai.com/careers/8308240002?gh_jid=8308240002	2026-04-16	greenhouse-api	Associate Director, MLOps Engineering	PathAI	added
